{"Np":{"(\"ADAPT2209\", \"AWSoMR\")":{"RMSE":6.832541509717231,"RMSEdict":{"minimum":5.469740193083689,"median":6.534861236709233,"mean":6.832541509717231,"maximum":9.606596891320248,"std":1.5182848317868913},"timeshift":17,"Tmin":0.1,"Tmax":0.6},"(\"ADAPT2208\", \"AWSoM\")":{"RMSE":10.829472265884514,"RMSEdict":{"minimum":4.435332917764869,"median":6.757763299357114,"mean":10.829472265884514,"maximum":32.98313665180569,"std":10.91714332536533},"timeshift":72,"Tmin":0.1,"Tmax":0.6},"(\"ADAPT2154\", \"AWSoM\")":{"RMSE":5.966779470662427,"RMSEdict":{"minimum":3.5882338889188365,"median":4.394410235806329,"mean":5.966779470662427,"maximum":14.217868278409371,"std":4.116516298880745},"timeshift":-28,"Tmin":0.28,"Tmax":0.6},"(\"ADAPT2152\", \"AWSoM\")":{"RMSE":46.39741038957226,"RMSEdict":{"minimum":4.75866879283284,"median":38.09102406653781,"mean":46.39741038957226,"maximum":105.34629274469175,"std":34.52891917671948},"timeshift":72,"Tmin":0.1,"Tmax":0.6},"(\"GONG2152\", \"AWSoM\")":{"RMSE":49.65076632970642,"RMSEdict":{"minimum":9.173529936752091,"median":55.334048428015066,"mean":49.65076632970642,"maximum":98.39954163832195,"std":32.14004088103258},"timeshift":72,"Tmin":0.1,"Tmax":0.6},"(\"GONG2152\", \"AWSoMR\")":{"RMSE":28.522803907970385,"RMSEdict":{"minimum":9.959203775875418,"median":31.52910359774056,"mean":28.522803907970385,"maximum":43.33183872845902,"std":12.747957999269815},"timeshift":72,"Tmin":0.1,"Tmax":0.64},"(\"GONG2154\", \"AWSoM\")":{"RMSE":45.94020353337972,"RMSEdict":{"minimum":6.475097483335609,"median":56.27435483008731,"mean":45.94020353337972,"maximum":73.1311827660949,"std":29.295093059223383},"timeshift":-72,"Tmin":0.38,"Tmax":0.73},"(\"GONG2209\", \"AWSoMR\")":{"RMSE":6.694615813258442,"RMSEdict":{"minimum":5.10708623204977,"median":6.853706606822551,"mean":6.694615813258442,"maximum":8.357591347007327,"std":1.263422697737546},"timeshift":34,"Tmin":0.27,"Tmax":0.6},"(\"GONG2208\", \"AWSoMR\")":{"RMSE":8.2889736081054,"RMSEdict":{"minimum":5.2568266544130084,"median":6.94507934401679,"mean":8.2889736081054,"maximum":14.381796176596627,"std":3.5374228551199267},"timeshift":-37,"Tmin":0.4,"Tmax":0.6},"(\"GONG2208\", \"AWSoM\")":{"RMSE":8.069819117583409,"RMSEdict":{"minimum":5.346946011453623,"median":6.658327192882352,"mean":8.069819117583409,"maximum":14.268770670017876,"std":3.5510836046930065},"timeshift":-67,"Tmin":0.21,"Tmax":0.6},"(\"ADAPT2208\", \"AWSoMR\")":{"RMSE":23.658570441133644,"RMSEdict":{"minimum":9.348816182666585,"median":23.04868076197442,"mean":23.658570441133644,"maximum":36.513790532173935,"std":10.63663646123364},"timeshift":72,"Tmin":0.1,"Tmax":0.6},"(\"ADAPT2154\", \"AWSoMR\")":{"RMSE":1608.6151532428823,"RMSEdict":{"minimum":6.186517543922502,"median":74.22594113940472,"mean":1608.6151532428823,"maximum":9234.420731025095,"std":3736.7376977660483},"timeshift":-72,"Tmin":0.4,"Tmax":0.9},"(\"ADAPT2209\", \"AWSoM\")":{"RMSE":14.206299161656766,"RMSEdict":{"minimum":5.460904342774205,"median":8.128963396829944,"mean":14.206299161656766,"maximum":35.54491561213009,"std":12.135662353967845},"timeshift":72,"Tmin":0.1,"Tmax":0.6},"(\"GONG2154\", \"AWSoMR\")":{"RMSE":22.866303823318617,"RMSEdict":{"minimum":6.084825086663646,"median":24.859219528446687,"mean":22.866303823318617,"maximum":42.92319140958392,"std":14.343655258341476},"timeshift":13,"Tmin":0.4,"Tmax":0.6},"(\"GONG2209\", \"AWSoM\")":{"RMSE":7.245731587062857,"RMSEdict":{"minimum":5.1114763844085065,"median":5.710247463073673,"mean":7.245731587062857,"maximum":13.724323393749172,"std":3.3282042091678887},"timeshift":37,"Tmin":0.29,"Tmax":0.61},"(\"ADAPT2152\", \"AWSoMR\")":{"RMSE":68798.17810254265,"RMSEdict":{"minimum":5.711671858456046,"median":1279.0565317975672,"mean":68798.17810254265,"maximum":343824.3185401232,"std":137274.8934712542},"timeshift":-71,"Tmin":0.4,"Tmax":0.6}},"B":{"(\"ADAPT2209\", \"AWSoMR\")":{"RMSE":3.2338343643511855,"RMSEdict":{"minimum":2.301574453471336,"median":3.26920033938244,"mean":3.2338343643511855,"maximum":4.119495794571109,"std":0.7796069830580743},"timeshift":72,"Tmin":0.1,"Tmax":0.85},"(\"ADAPT2208\", \"AWSoM\")":{"RMSE":2.6606002621520344,"RMSEdict":{"minimum":1.9184343066725613,"median":2.5932344940325445,"mean":2.6606002621520344,"maximum":3.3321955036186917,"std":0.5680083158816805},"timeshift":-39,"Tmin":0.1,"Tmax":0.72},"(\"ADAPT2154\", \"AWSoM\")":{"RMSE":2.772053495290803,"RMSEdict":{"minimum":1.8537329226866996,"median":2.587172843624531,"mean":2.772053495290803,"maximum":3.947457686987031,"std":0.8846817257395756},"timeshift":18,"Tmin":0.3,"Tmax":0.63},"(\"ADAPT2152\", \"AWSoM\")":{"RMSE":3.7780599840540408,"RMSEdict":{"minimum":2.0525901689894543,"median":3.812423258768069,"mean":3.7780599840540408,"maximum":5.670155348005091,"std":1.2044320354004174},"timeshift":23,"Tmin":0.37,"Tmax":0.6},"(\"GONG2152\", \"AWSoM\")":{"RMSE":3.2332539282958908,"RMSEdict":{"minimum":2.1279707915817934,"median":3.231333878783584,"mean":3.2332539282958908,"maximum":3.9981564368366587,"std":0.6819513203255438},"timeshift":71,"Tmin":0.1,"Tmax":0.6},"(\"GONG2152\", \"AWSoMR\")":{"RMSE":2.816497251611533,"RMSEdict":{"minimum":1.4947147919580357,"median":3.191988327770641,"mean":2.816497251611533,"maximum":3.899297483215617,"std":0.9448634060150412},"timeshift":49,"Tmin":0.39,"Tmax":0.63},"(\"GONG2154\", \"AWSoM\")":{"RMSE":3.9601805178991927,"RMSEdict":{"minimum":1.697385341443993,"median":3.5782411698314798,"mean":3.9601805178991927,"maximum":7.121563632942919,"std":1.8048046627726473},"timeshift":71,"Tmin":0.4,"Tmax":0.6},"(\"GONG2209\", \"AWSoMR\")":{"RMSE":3.2074522443230933,"RMSEdict":{"minimum":2.0209685756911298,"median":3.2994220424345446,"mean":3.2074522443230933,"maximum":4.419689616810851,"std":1.0595358783363593},"timeshift":-52,"Tmin":0.18,"Tmax":0.62},"(\"GONG2208\", \"AWSoMR\")":{"RMSE":2.579392233043792,"RMSEdict":{"minimum":1.8584503557144278,"median":2.2896573225382637,"mean":2.579392233043792,"maximum":4.214528085189101,"std":0.8680174937395205},"timeshift":37,"Tmin":0.1,"Tmax":0.66},"(\"GONG2208\", \"AWSoM\")":{"RMSE":3.0092143957699933,"RMSEdict":{"minimum":2.167618071856524,"median":3.0272439931484425,"mean":3.0092143957699933,"maximum":3.7979068383173,"std":0.7823699587641729},"timeshift":37,"Tmin":0.1,"Tmax":0.84},"(\"ADAPT2208\", \"AWSoMR\")":{"RMSE":3.3889985076307743,"RMSEdict":{"minimum":2.656414883159284,"median":3.560262000303185,"mean":3.3889985076307743,"maximum":4.158439790667752,"std":0.592217913130301},"timeshift":72,"Tmin":0.1,"Tmax":0.6},"(\"ADAPT2154\", \"AWSoMR\")":{"RMSE":146.2424010400831,"RMSEdict":{"minimum":4.729291235922599,"median":7.555013060605495,"mean":146.2424010400831,"maximum":836.9984182027147,"std":338.4245484943131},"timeshift":-72,"Tmin":0.4,"Tmax":0.9},"(\"ADAPT2209\", \"AWSoM\")":{"RMSE":3.1293713460873405,"RMSEdict":{"minimum":2.1863495611751524,"median":3.1308025450786663,"mean":3.1293713460873405,"maximum":4.227806012168863,"std":0.9461328433390948},"timeshift":72,"Tmin":0.11,"Tmax":0.85},"(\"GONG2154\", \"AWSoMR\")":{"RMSE":3.377622348702298,"RMSEdict":{"minimum":1.938151003914651,"median":3.6398288543253727,"mean":3.377622348702298,"maximum":3.9184039033994775,"std":0.7410299270752082},"timeshift":71,"Tmin":0.4,"Tmax":0.68},"(\"GONG2209\", \"AWSoM\")":{"RMSE":3.014404493361161,"RMSEdict":{"minimum":2.058556268119378,"median":2.9676090618953936,"mean":3.014404493361161,"maximum":4.109734945602533,"std":0.8035212840720454},"timeshift":40,"Tmin":0.37,"Tmax":0.9},"(\"ADAPT2152\", \"AWSoMR\")":{"RMSE":782.8168805571369,"RMSEdict":{"minimum":3.507729645392231,"median":193.3730293507096,"mean":782.8168805571369,"maximum":2359.8223726890933,"std":1070.6713880778104},"timeshift":-71,"Tmin":0.4,"Tmax":0.63}},"T":{"(\"ADAPT2209\", \"AWSoMR\")":{"RMSE":73536.21502760601,"RMSEdict":{"minimum":64165.83590799467,"median":73980.52729139497,"mean":73536.21502760601,"maximum":82008.50219140243,"std":6127.145046279839},"timeshift":17,"Tmin":0.1,"Tmax":0.67},